{"cameraMode":{"drawMode":0,"name":"Shaded","section":"Shading Mode"},"sceneLighting":true,"audioPlay":false,"sceneViewState":{"showFog":true,"showMaterialUpdate":false,"showSkybox":true,"showFlares":true,"showImageEffects":true,"showParticleSystems":true},"in2DMode":false,"pivot":{"x":-36.34278106689453,"y":-28.511606216430665,"z":3.076498031616211},"rotation":{"x":0.2380504161119461,"y":-0.6425074934959412,"z":0.22029438614845277,"w":0.6942764520645142},"size":26.270296096801759,"orthographic":false}